{
    "train_losses": [
        1.8618759234237672,
        1.4957421124649048,
        1.3026536931610107,
        1.1430962004089356,
        1.0173189603042603,
        0.9270594739151001,
        0.8403924592208862,
        0.7825456939125061,
        0.7196243028640747,
        0.6595384277153015,
        0.604288427696228,
        0.5579690887451172,
        0.5162827613639831,
        0.4859155954170227,
        0.4551026319885254,
        0.4285333605003357,
        0.40609478687286377,
        0.39001372237205506,
        0.36714851285934447,
        0.36079311734199526,
        0.3355011818027496,
        0.3177100483036041,
        0.3080725978899002,
        0.29569869453430175,
        0.28023692828655244,
        0.27013072329998017,
        0.2606914630889893,
        0.25377755957603454,
        0.24042590877056122,
        0.2298980417728424
    ],
    "test_losses": [
        1.5623870334625245,
        1.2727553352355958,
        1.1072114109039306,
        0.9673281140327453,
        0.8566112838745117,
        0.9002329526901245,
        0.7342928001403809,
        0.7092826692581177,
        0.5815221185684204,
        0.5974353676795959,
        0.5216498353004455,
        0.467673326587677,
        0.482421284866333,
        0.41162691540718077,
        0.3996422936916351,
        0.4341197461128235,
        0.3759332175731659,
        0.3859692100048065,
        0.34362821412086486,
        0.346439924287796,
        0.3640778293609619,
        0.3294487623214722,
        0.3101188787460327,
        0.34652132782936096,
        0.32429801106452943,
        0.297693452501297,
        0.3098285122394562,
        0.2985464968204498,
        0.32769167318344117,
        0.2870144826412201
    ],
    "train_accs": [
        0.2951,
        0.4469,
        0.53004,
        0.59034,
        0.639,
        0.67292,
        0.70446,
        0.72284,
        0.74826,
        0.77052,
        0.7885,
        0.80652,
        0.8216,
        0.83124,
        0.84146,
        0.8493,
        0.85802,
        0.86382,
        0.87232,
        0.87376,
        0.88336,
        0.88896,
        0.89202,
        0.89624,
        0.90246,
        0.9055,
        0.90806,
        0.91176,
        0.91558,
        0.91972
    ],
    "test_accs": [
        0.4158,
        0.5409,
        0.601,
        0.6548,
        0.6972,
        0.6756,
        0.7366,
        0.7554,
        0.797,
        0.7941,
        0.816,
        0.839,
        0.835,
        0.8551,
        0.8622,
        0.8528,
        0.8717,
        0.8677,
        0.8819,
        0.8818,
        0.8757,
        0.8894,
        0.894,
        0.8872,
        0.8906,
        0.9023,
        0.8978,
        0.8974,
        0.8936,
        0.9056
    ]
}