{
    "train_losses": [
        1.9737620169067382,
        1.6892505117034913,
        1.4931191692352295,
        1.3547568027496337,
        1.2704833321380615,
        1.197251356048584,
        1.1320422874450684,
        1.0658335264205934,
        1.0048952168273926,
        0.9643923626708985,
        0.928928073978424,
        0.895950365562439,
        0.8699080594444275,
        0.840892765903473,
        0.8165955052375794,
        0.7935808237838745,
        0.7713177900123597,
        0.7451666138648987,
        0.7269226601600647,
        0.7068356935501099,
        0.6873132779693604,
        0.6727460464859009,
        0.6535468046379089,
        0.6369270244789124,
        0.6231349220657348,
        0.6126706485748291,
        0.607269624824524,
        0.5999682335281372,
        0.594828721446991,
        0.5946545038986206
    ],
    "test_losses": [
        1.7970418577194214,
        1.5215131299972535,
        1.3214659042358399,
        1.216174535369873,
        1.1568951873779296,
        1.0822155851364135,
        1.0136990005493165,
        0.9655201549530029,
        0.9146994424819946,
        0.9195894142150879,
        0.8769991708755493,
        0.8531984181404114,
        0.8207872861862182,
        0.8150768720626831,
        0.7904381032943726,
        0.7593649589538575,
        0.7538257503509521,
        0.7624683378219604,
        0.7431313935279846,
        0.7239700994491577,
        0.7148686939239502,
        0.7061675359725952,
        0.7060402623176575,
        0.696949300289154,
        0.6904171281814575,
        0.6920907762527466,
        0.6877397405624389,
        0.6901140947341919,
        0.687491679763794,
        0.6869561660766601
    ],
    "train_accs": [
        0.28866,
        0.44286,
        0.54452,
        0.61448,
        0.65406,
        0.69,
        0.71918,
        0.75198,
        0.77822,
        0.7983,
        0.8137,
        0.82672,
        0.84154,
        0.85218,
        0.86266,
        0.87474,
        0.88382,
        0.89504,
        0.90306,
        0.91178,
        0.92056,
        0.92592,
        0.93636,
        0.94396,
        0.95106,
        0.95452,
        0.95656,
        0.96032,
        0.96368,
        0.96266
    ],
    "test_accs": [
        0.3578,
        0.5273,
        0.6311,
        0.6834,
        0.7115,
        0.7414,
        0.7755,
        0.7957,
        0.8184,
        0.8149,
        0.8325,
        0.8459,
        0.8604,
        0.8621,
        0.8724,
        0.8874,
        0.8896,
        0.8868,
        0.8935,
        0.9016,
        0.9075,
        0.9105,
        0.909,
        0.914,
        0.9181,
        0.9173,
        0.9207,
        0.9191,
        0.9207,
        0.9209
    ]
}