{
    "train_losses": [
        1.9737620169067382,
        1.6892505117034913,
        1.4931191692352295,
        1.3547568027496337,
        1.2704833321380615,
        1.197251356048584,
        1.1320422874450684,
        1.0658335264205934,
        1.0048952168273926,
        0.9643923626708985,
        0.928928073978424,
        0.895950365562439,
        0.8699080594444275,
        0.840892765903473,
        0.8165955052375794,
        0.7935808237838745,
        0.7713177900123597,
        0.7451666138648987,
        0.7269226601600647,
        0.7068356935501099,
        0.6873132779693604,
        0.6727460464859009,
        0.6535468046379089,
        0.6369270244789124,
        0.6231349220657348,
        0.6126706485748291,
        0.607269624824524,
        0.5999682335281372,
        0.594828721446991,
        0.5946545038986206,
        0.6079237281417846,
        0.607298565788269,
        0.6032796541595459,
        0.59906682472229,
        0.6000132350921631,
        0.5952169334411621,
        0.5892567352867126,
        0.5870262159919739,
        0.5812328887176513,
        0.5790924563598633,
        0.5750944965744018,
        0.5701537483787537,
        0.5677968863677979,
        0.56569897315979,
        0.5635160615921021,
        0.5621160000991822,
        0.5602169188499451,
        0.5588577474021912,
        0.557802534790039,
        0.5573218316841125
    ],
    "test_losses": [
        1.7970418577194214,
        1.5215131299972535,
        1.3214659042358399,
        1.216174535369873,
        1.1568951873779296,
        1.0822155851364135,
        1.0136990005493165,
        0.9655201549530029,
        0.9146994424819946,
        0.9195894142150879,
        0.8769991708755493,
        0.8531984181404114,
        0.8207872861862182,
        0.8150768720626831,
        0.7904381032943726,
        0.7593649589538575,
        0.7538257503509521,
        0.7624683378219604,
        0.7431313935279846,
        0.7239700994491577,
        0.7148686939239502,
        0.7061675359725952,
        0.7060402623176575,
        0.696949300289154,
        0.6904171281814575,
        0.6920907762527466,
        0.6877397405624389,
        0.6901140947341919,
        0.687491679763794,
        0.6869561660766601,
        0.7017765753746033,
        0.6953480819702148,
        0.7053966782569885,
        0.6964238891601563,
        0.6944319024085999,
        0.6948651878356934,
        0.6941450540542603,
        0.6982210976600647,
        0.6956313869476318,
        0.6924597438812256,
        0.6923202972412109,
        0.6897699805259705,
        0.6954358638763428,
        0.6932277105331421,
        0.6925150588989257,
        0.6909794164657592,
        0.6907488338470459,
        0.6911352453231812,
        0.6902770034790039,
        0.6900571242332458
    ],
    "train_accs": [
        0.28866,
        0.44286,
        0.54452,
        0.61448,
        0.65406,
        0.69,
        0.71918,
        0.75198,
        0.77822,
        0.7983,
        0.8137,
        0.82672,
        0.84154,
        0.85218,
        0.86266,
        0.87474,
        0.88382,
        0.89504,
        0.90306,
        0.91178,
        0.92056,
        0.92592,
        0.93636,
        0.94396,
        0.95106,
        0.95452,
        0.95656,
        0.96032,
        0.96368,
        0.96266,
        0.95636,
        0.95632,
        0.95864,
        0.9604,
        0.95988,
        0.96256,
        0.96542,
        0.9655,
        0.9683,
        0.96956,
        0.97112,
        0.97238,
        0.97444,
        0.9759,
        0.97634,
        0.97732,
        0.97806,
        0.97826,
        0.97896,
        0.97914
    ],
    "test_accs": [
        0.3578,
        0.5273,
        0.6311,
        0.6834,
        0.7115,
        0.7414,
        0.7755,
        0.7957,
        0.8184,
        0.8149,
        0.8325,
        0.8459,
        0.8604,
        0.8621,
        0.8724,
        0.8874,
        0.8896,
        0.8868,
        0.8935,
        0.9016,
        0.9075,
        0.9105,
        0.909,
        0.914,
        0.9181,
        0.9173,
        0.9207,
        0.9191,
        0.9207,
        0.9209,
        0.9135,
        0.9171,
        0.9114,
        0.9156,
        0.9206,
        0.9172,
        0.919,
        0.9185,
        0.9188,
        0.9198,
        0.9209,
        0.9213,
        0.9195,
        0.9195,
        0.9203,
        0.9207,
        0.9216,
        0.9203,
        0.9212,
        0.9218
    ]
}